PassportID,ResidentID,Number,IssueDate,ExpirationDate,Status
1416,1,474196,10-25-2021,10-25-2023,0
1419,2,494014,11-18-2020,11-18-2028,3
1423,3,494006,06-01-2022,06-01-2025,1
1426,4,494011,06-12-2022,06-12-2030,3
1430,5,494018,08-14-2015,08-14-2017,0
1432,6,494024,03-07-2014,03-07-2022,3
1434,7,494026,08-29-2018,08-29-2021,1
1436,8,494028,03-20-2019,03-20-2022,1
1439,9,494030,08-13-2023,08-13-2031,3
1440,10,494038,11-21-2018,11-21-2024,2
1442,11,494042,04-27-2018,04-27-2023,2
1443,12,494048,11-12-2020,11-12-2024,1
1445,13,494051,05-13-2016,05-13-2023,3
1447,14,494053,01-28-2021,01-28-2029,3
1450,15,494059,09-25-2022,09-25-2028,2
1451,16,494069,11-23-2015,11-23-2020,2
1454,17,494076,12-11-2021,12-11-2025,1
1455,18,494080,02-17-2023,02-17-2026,1
1456,19,494082,12-27-2023,12-27-2026,1
1458,20,494085,06-25-2023,06-25-2025,0
1460,21,494094,08-07-2014,08-07-2021,3
1464,22,494104,01-27-2014,01-27-2016,0
1468,23,494107,11-25-2021,11-25-2029,3
1471,24,494117,12-26-2014,12-26-2018,1
1474,25,494120,10-01-2015,10-01-2018,1
1477,26,494124,01-15-2022,01-15-2030,3
1480,27,494137,05-25-2016,05-25-2021,2
1484,28,494142,02-26-2017,02-26-2020,1
1486,29,494152,10-03-2019,10-03-2021,0
1488,30,494159,09-03-2016,09-03-2020,1
1491,31,494162,08-15-2022,08-15-2025,1
1494,32,494164,09-09-2023,09-09-2029,2
1495,33,494172,10-04-2014,10-04-2018,1
1499,34,494175,03-23-2024,03-23-2032,3
1502,35,494178,06-17-2022,06-17-2028,2
1506,36,494180,07-12-2024,07-12-2027,1
1507,37,494183,09-26-2014,09-26-2017,1
1509,38,493002,04-01-2018,04-01-2026,3
1511,39,493004,01-13-2020,01-13-2027,3
1512,40,493009,02-08-2019,02-08-2022,1
1514,41,493011,12-05-2018,12-05-2021,1
1518,42,493013,03-21-2021,03-21-2028,3
1520,43,493016,06-14-2023,06-14-2030,3
1522,44,493017,08-12-2021,08-12-2028,3
1524,45,493020,05-19-2023,05-19-2029,2
1525,46,493021,04-03-2018,04-03-2021,1
1528,47,493023,12-09-2023,12-09-2025,0
1531,48,493026,10-24-2021,10-24-2026,2
1535,49,493028,07-20-2018,07-20-2023,2
1538,50,493030,11-28-2017,11-28-2020,1
1540,51,493031,05-10-2019,05-10-2025,2
1544,52,493036,06-03-2016,06-03-2021,2
1545,53,493040,12-30-2020,12-30-2025,2
1549,54,493041,07-02-2014,07-02-2017,1
1551,55,493044,10-29-2024,10-29-2029,2
1552,56,493046,01-22-2024,01-22-2028,1
1554,57,493048,10-30-2015,10-30-2018,1
1555,58,493049,04-10-2014,04-10-2018,1
1558,59,493053,08-01-2023,08-01-2031,3
1561,60,493055,09-09-2017,09-09-2019,0
1562,61,493057,05-17-2020,05-17-2023,1
1566,62,493059,06-16-2019,06-16-2026,3
1569,63,493060,12-08-2015,12-08-2020,2
1572,64,493062,06-26-2021,06-26-2028,3
1575,65,493063,11-10-2014,11-10-2020,2
1578,66,493069,09-26-2024,09-26-2029,2
1579,67,493072,11-07-2024,11-07-2030,2
1581,68,493081,12-24-2015,12-24-2022,3
1585,69,493085,12-26-2017,12-26-2019,0
1586,70,493089,02-19-2019,02-19-2025,2
1590,71,493095,02-17-2022,02-17-2024,0
1593,72,493097,07-28-2021,07-28-2026,2
1596,73,493098,06-24-2016,06-24-2018,0
1597,74,493001,12-11-2023,12-11-2026,1
1600,75,493003,06-02-2014,06-02-2016,0
1602,76,493006,05-03-2022,05-03-2028,2
1606,77,493007,11-17-2014,11-17-2022,3
1610,78,493010,03-29-2016,03-29-2022,2
1613,79,493012,07-03-2018,07-03-2021,1
1616,80,493018,10-01-2021,10-01-2027,2
1617,81,493019,12-25-2019,12-25-2021,0
1621,82,493022,04-04-2014,04-04-2018,1
1623,83,493025,12-13-2020,12-13-2022,0
1627,84,493027,06-23-2016,06-23-2022,2
1631,85,493032,02-13-2021,02-13-2025,1
1635,86,493029,08-24-2019,08-24-2023,1
1638,87,493034,06-22-2020,06-22-2028,3
1640,88,493035,05-01-2020,05-01-2028,3
1641,89,493037,04-29-2021,04-29-2023,0
1645,90,493039,12-09-2016,12-09-2019,1
1648,91,493043,07-22-2024,07-22-2028,1
1651,92,493045,08-21-2024,08-21-2027,1
1655,93,493047,01-23-2021,01-23-2024,1
1658,94,493050,07-26-2023,07-26-2026,1
1661,95,493051,10-01-2020,10-01-2022,0
1662,96,493052,07-15-2017,07-15-2023,2
1664,97,493054,10-16-2023,10-16-2029,2
1668,98,493056,12-18-2016,12-18-2023,3
1671,99,493058,02-22-2022,02-22-2024,0
1673,100,493061,12-18-2021,12-18-2028,3
1674,101,493064,12-20-2024,12-20-2027,1
1675,102,493066,07-07-2021,07-07-2024,1
1676,103,493067,12-17-2022,12-17-2027,2
1679,104,493068,06-17-2023,06-17-2027,1
1681,105,493071,01-15-2023,01-15-2030,3
1685,106,493073,01-12-2023,01-12-2025,0
1687,107,493074,02-09-2015,02-09-2022,3
1691,108,493079,11-27-2015,11-27-2020,2
1694,109,493082,02-07-2021,02-07-2025,1
1697,110,493083,01-21-2014,01-21-2020,2
1699,111,493084,10-27-2019,10-27-2026,3
1702,112,493087,10-11-2014,10-11-2018,1
1706,113,493091,08-28-2021,08-28-2025,1
1708,114,493090,09-16-2015,09-16-2019,1
1711,115,493096,07-12-2016,07-12-2022,2
1712,116,4941722,10-04-2023,10-04-2025,0